{
  "setting": {
    "compileHotReLoad": false
  },
  "condition": {
    "miniprogram": {
      "list": [
        {
          "name": "pages/login/login",
          "pathName": "pages/login/login",
          "query": "",
          "scene": null
        },
        {
          "name": "pages/me/me",
          "pathName": "pages/me/me",
          "query": "",
          "scene": null
        },
        {
          "name": "pages/empower/empower",
          "pathName": "pages/empower/empower",
          "query": "",
          "scene": null
        },
        {
          "name": "pages/personal/personal",
          "pathName": "pages/personal/personal",
          "query": "",
          "scene": null
        },
        {
          "name": "pages/aboutWe/aboutWe",
          "pathName": "pages/aboutWe/aboutWe",
          "query": "",
          "scene": null
        },
        {
          "name": "pages/createTeam/createTeam",
          "pathName": "pages/createTeam/createTeam",
          "query": "",
          "scene": null
        },
        {
          "name": "pages/team/team",
          "pathName": "pages/team/team",
          "query": "",
          "scene": null
        },
        {
          "name": "pages/added/added",
          "pathName": "pages/added/added",
          "query": "",
          "scene": null
        },
        {
          "name": "pages/myTeam/myTeam",
          "pathName": "pages/myTeam/myTeam",
          "query": "",
          "scene": null
        }
      ]
    }
  },
  "description": "项目私有配置文件。此文件中的内容将覆盖 project.config.json 中的相同字段。项目的改动优先同步到此文件中。详见文档：https://developers.weixin.qq.com/miniprogram/dev/devtools/projectconfig.html",
  "projectname": "LinkYou"
}